successor_isin,changed_on,reason
INE222P01028,2017-02-17,"The close fell to 0.196 of the day before, and neither venue records a split or bonus"
INE706P01020,2017-07-27,"The close fell to 0.110 of the day before, and neither venue records a split or bonus"
INE607F01039,2017-12-04,"The close fell to 0.206 of the day before, and neither venue records a split or bonus"
INE002J01027,2018-02-09,"The close fell to 0.105 of the day before, and neither venue records a split or bonus"
INE773B01020,2018-10-22,"The close fell to 0.591 of the day before, and neither venue records a split or bonus"
INE528G01035,2020-03-16,"The close rose from 25.55 to 37.10 at both venues and to 58.65 the next day; neither venue records a change in share count, and a change of face value never raises a price by less than double"
INE518D01025,2021-10-14,"The close fell to 0.106 of the day before, and neither venue records a split or bonus"
INE0J5801029,2025-06-12,"The close fell to 0.191 of the day before, and neither venue records a split or bonus"
INE947T01022,2025-10-15,"The close fell to 0.268 of the day before, and neither venue records a split or bonus"
